-- --------------------------------------------------------
-- Hôte:                         127.0.0.1
-- Version du serveur:           8.0.30 - MySQL Community Server - GPL
-- SE du serveur:                Win64
-- HeidiSQL Version:             12.1.0.6537
-- --------------------------------------------------------

/*!40101 SET @OLD_CHARACTER_SET_CLIENT=@@CHARACTER_SET_CLIENT */;
/*!40101 SET NAMES utf8 */;
/*!50503 SET NAMES utf8mb4 */;
/*!40103 SET @OLD_TIME_ZONE=@@TIME_ZONE */;
/*!40103 SET TIME_ZONE='+00:00' */;
/*!40014 SET @OLD_FOREIGN_KEY_CHECKS=@@FOREIGN_KEY_CHECKS, FOREIGN_KEY_CHECKS=0 */;
/*!40101 SET @OLD_SQL_MODE=@@SQL_MODE, SQL_MODE='NO_AUTO_VALUE_ON_ZERO' */;
/*!40111 SET @OLD_SQL_NOTES=@@SQL_NOTES, SQL_NOTES=0 */;


-- Listage de la structure de la base pour worldofpets
CREATE DATABASE IF NOT EXISTS `worldofpets` /*!40100 DEFAULT CHARACTER SET utf8mb4 COLLATE utf8mb4_0900_ai_ci */ /*!80016 DEFAULT ENCRYPTION='N' */;
USE `worldofpets`;

-- Listage de la structure de table worldofpets. avis
CREATE TABLE IF NOT EXISTS `avis` (
  `id` int NOT NULL AUTO_INCREMENT,
  `note` int NOT NULL,
  `commentaire` varchar(255) COLLATE utf8mb3_bin DEFAULT NULL,
  `date_avis` datetime NOT NULL,
  PRIMARY KEY (`id`)
) ENGINE=InnoDB DEFAULT CHARSET=utf8mb3 COLLATE=utf8mb3_bin;

-- Listage des données de la table worldofpets.avis : ~0 rows (environ)

-- Listage de la structure de table worldofpets. categorie
CREATE TABLE IF NOT EXISTS `categorie` (
  `id` int NOT NULL AUTO_INCREMENT,
  `nom_categorie` varchar(50) COLLATE utf8mb3_bin NOT NULL,
  PRIMARY KEY (`id`)
) ENGINE=InnoDB AUTO_INCREMENT=7 DEFAULT CHARSET=utf8mb3 COLLATE=utf8mb3_bin;

-- Listage des données de la table worldofpets.categorie : ~6 rows (environ)
INSERT INTO `categorie` (`id`, `nom_categorie`) VALUES
	(1, 'Chien'),
	(2, 'Chat'),
	(3, 'Rongeur'),
	(4, 'Poisson'),
	(5, 'Oiseau'),
	(6, 'Reptile');

-- Listage de la structure de table worldofpets. doctrine_migration_versions
CREATE TABLE IF NOT EXISTS `doctrine_migration_versions` (
  `version` varchar(191) CHARACTER SET utf8mb3 COLLATE utf8mb3_bin NOT NULL,
  `executed_at` datetime DEFAULT NULL,
  `execution_time` int DEFAULT NULL,
  PRIMARY KEY (`version`)
) ENGINE=InnoDB DEFAULT CHARSET=utf8mb3 COLLATE=utf8mb3_bin;

-- Listage des données de la table worldofpets.doctrine_migration_versions : ~0 rows (environ)
INSERT INTO `doctrine_migration_versions` (`version`, `executed_at`, `execution_time`) VALUES
	('DoctrineMigrations\\Version20230428075810', '2023-04-28 07:58:35', 106);

-- Listage de la structure de table worldofpets. evenement
CREATE TABLE IF NOT EXISTS `evenement` (
  `id` int NOT NULL AUTO_INCREMENT,
  `titre` varchar(100) COLLATE utf8mb3_bin NOT NULL,
  `description` longtext COLLATE utf8mb3_bin NOT NULL,
  PRIMARY KEY (`id`)
) ENGINE=InnoDB DEFAULT CHARSET=utf8mb3 COLLATE=utf8mb3_bin;

-- Listage des données de la table worldofpets.evenement : ~0 rows (environ)

-- Listage de la structure de table worldofpets. images
CREATE TABLE IF NOT EXISTS `images` (
  `id` int NOT NULL AUTO_INCREMENT,
  `produit_id` int DEFAULT NULL,
  `nom_image` varchar(255) COLLATE utf8mb3_bin NOT NULL,
  `evenement_id` int DEFAULT NULL,
  PRIMARY KEY (`id`),
  KEY `IDX_E01FBE6AF347EFB` (`produit_id`),
  KEY `IDX_E01FBE6AFD02F13` (`evenement_id`),
  CONSTRAINT `FK_E01FBE6AF347EFB` FOREIGN KEY (`produit_id`) REFERENCES `produit` (`id`),
  CONSTRAINT `FK_E01FBE6AFD02F13` FOREIGN KEY (`evenement_id`) REFERENCES `evenement` (`id`)
) ENGINE=InnoDB AUTO_INCREMENT=37 DEFAULT CHARSET=utf8mb3 COLLATE=utf8mb3_bin;

-- Listage des données de la table worldofpets.images : ~8 rows (environ)
INSERT INTO `images` (`id`, `produit_id`, `nom_image`, `evenement_id`) VALUES
	(23, 21, 'e77cdbd69ff90b05c5e73274a4667194.jpg', NULL),
	(29, 24, '9314af5600cbc746b016e2926a18b6ae.jpg', NULL),
	(30, 25, '23274fe85f87dbfe6d842131ad8ff3f9.jpg', NULL),
	(31, 26, '9899cbfaf30e2a381929290be48e9931.jpg', NULL),
	(32, 27, '002a72c72e21d6e1fc416a85392b747f.jpg', NULL),
	(33, 28, '2c8b68e22e7775caf220677956c6741a.jpg', NULL),
	(34, 17, '7a71fc67bf0c663cf6f492d328a2c35a.jpg', NULL),
	(35, 17, '4dfe9d680b88a17f5467d6ba52398dc0.jpg', NULL),
	(36, 17, 'b952e5c574b7c6a5ddf7a199db7ff23c.jpg', NULL);

-- Listage de la structure de table worldofpets. messenger_messages
CREATE TABLE IF NOT EXISTS `messenger_messages` (
  `id` bigint NOT NULL AUTO_INCREMENT,
  `body` longtext CHARACTER SET utf8mb3 COLLATE utf8mb3_bin NOT NULL,
  `headers` longtext CHARACTER SET utf8mb3 COLLATE utf8mb3_bin NOT NULL,
  `queue_name` varchar(190) CHARACTER SET utf8mb3 COLLATE utf8mb3_bin NOT NULL,
  `created_at` datetime NOT NULL,
  `available_at` datetime NOT NULL,
  `delivered_at` datetime DEFAULT NULL,
  PRIMARY KEY (`id`),
  KEY `IDX_75EA56E0FB7336F0` (`queue_name`),
  KEY `IDX_75EA56E0E3BD61CE` (`available_at`),
  KEY `IDX_75EA56E016BA31DB` (`delivered_at`)
) ENGINE=InnoDB AUTO_INCREMENT=8 DEFAULT CHARSET=utf8mb3 COLLATE=utf8mb3_bin;

-- Listage des données de la table worldofpets.messenger_messages : ~5 rows (environ)
INSERT INTO `messenger_messages` (`id`, `body`, `headers`, `queue_name`, `created_at`, `available_at`, `delivered_at`) VALUES
	(1, 'O:36:\\"Symfony\\\\Component\\\\Messenger\\\\Envelope\\":2:{s:44:\\"\\0Symfony\\\\Component\\\\Messenger\\\\Envelope\\0stamps\\";a:1:{s:46:\\"Symfony\\\\Component\\\\Messenger\\\\Stamp\\\\BusNameStamp\\";a:1:{i:0;O:46:\\"Symfony\\\\Component\\\\Messenger\\\\Stamp\\\\BusNameStamp\\":1:{s:55:\\"\\0Symfony\\\\Component\\\\Messenger\\\\Stamp\\\\BusNameStamp\\0busName\\";s:21:\\"messenger.bus.default\\";}}}s:45:\\"\\0Symfony\\\\Component\\\\Messenger\\\\Envelope\\0message\\";O:51:\\"Symfony\\\\Component\\\\Mailer\\\\Messenger\\\\SendEmailMessage\\":2:{s:60:\\"\\0Symfony\\\\Component\\\\Mailer\\\\Messenger\\\\SendEmailMessage\\0message\\";O:39:\\"Symfony\\\\Bridge\\\\Twig\\\\Mime\\\\TemplatedEmail\\":4:{i:0;s:41:\\"registration/confirmation_email.html.twig\\";i:1;N;i:2;a:3:{s:9:\\"signedUrl\\";s:168:\\"https://127.0.0.1:8000/verify/email?expires=1682674930&signature=qhmYeZngd9npakCQ2YuSXVAl6E4%2FhD4om5vxyFlG6q4%3D&token=dP%2BB4uxftEvM06cSUi3AJvS9mQ8CDwvZ2F13axMZpLI%3D\\";s:19:\\"expiresAtMessageKey\\";s:26:\\"%count% hour|%count% hours\\";s:20:\\"expiresAtMessageData\\";a:1:{s:7:\\"%count%\\";i:1;}}i:3;a:6:{i:0;N;i:1;N;i:2;N;i:3;N;i:4;a:0:{}i:5;a:2:{i:0;O:37:\\"Symfony\\\\Component\\\\Mime\\\\Header\\\\Headers\\":2:{s:46:\\"\\0Symfony\\\\Component\\\\Mime\\\\Header\\\\Headers\\0headers\\";a:3:{s:4:\\"from\\";a:1:{i:0;O:47:\\"Symfony\\\\Component\\\\Mime\\\\Header\\\\MailboxListHeader\\":5:{s:50:\\"\\0Symfony\\\\Component\\\\Mime\\\\Header\\\\AbstractHeader\\0name\\";s:4:\\"From\\";s:56:\\"\\0Symfony\\\\Component\\\\Mime\\\\Header\\\\AbstractHeader\\0lineLength\\";i:76;s:50:\\"\\0Symfony\\\\Component\\\\Mime\\\\Header\\\\AbstractHeader\\0lang\\";N;s:53:\\"\\0Symfony\\\\Component\\\\Mime\\\\Header\\\\AbstractHeader\\0charset\\";s:5:\\"utf-8\\";s:58:\\"\\0Symfony\\\\Component\\\\Mime\\\\Header\\\\MailboxListHeader\\0addresses\\";a:1:{i:0;O:30:\\"Symfony\\\\Component\\\\Mime\\\\Address\\":2:{s:39:\\"\\0Symfony\\\\Component\\\\Mime\\\\Address\\0address\\";s:21:\\"admin@worldofpets.com\\";s:36:\\"\\0Symfony\\\\Component\\\\Mime\\\\Address\\0name\\";s:10:\\"Admin Site\\";}}}}s:2:\\"to\\";a:1:{i:0;O:47:\\"Symfony\\\\Component\\\\Mime\\\\Header\\\\MailboxListHeader\\":5:{s:50:\\"\\0Symfony\\\\Component\\\\Mime\\\\Header\\\\AbstractHeader\\0name\\";s:2:\\"To\\";s:56:\\"\\0Symfony\\\\Component\\\\Mime\\\\Header\\\\AbstractHeader\\0lineLength\\";i:76;s:50:\\"\\0Symfony\\\\Component\\\\Mime\\\\Header\\\\AbstractHeader\\0lang\\";N;s:53:\\"\\0Symfony\\\\Component\\\\Mime\\\\Header\\\\AbstractHeader\\0charset\\";s:5:\\"utf-8\\";s:58:\\"\\0Symfony\\\\Component\\\\Mime\\\\Header\\\\MailboxListHeader\\0addresses\\";a:1:{i:0;O:30:\\"Symfony\\\\Component\\\\Mime\\\\Address\\":2:{s:39:\\"\\0Symfony\\\\Component\\\\Mime\\\\Address\\0address\\";s:14:\\"admin@admin.fr\\";s:36:\\"\\0Symfony\\\\Component\\\\Mime\\\\Address\\0name\\";s:0:\\"\\";}}}}s:7:\\"subject\\";a:1:{i:0;O:48:\\"Symfony\\\\Component\\\\Mime\\\\Header\\\\UnstructuredHeader\\":5:{s:50:\\"\\0Symfony\\\\Component\\\\Mime\\\\Header\\\\AbstractHeader\\0name\\";s:7:\\"Subject\\";s:56:\\"\\0Symfony\\\\Component\\\\Mime\\\\Header\\\\AbstractHeader\\0lineLength\\";i:76;s:50:\\"\\0Symfony\\\\Component\\\\Mime\\\\Header\\\\AbstractHeader\\0lang\\";N;s:53:\\"\\0Symfony\\\\Component\\\\Mime\\\\Header\\\\AbstractHeader\\0charset\\";s:5:\\"utf-8\\";s:55:\\"\\0Symfony\\\\Component\\\\Mime\\\\Header\\\\UnstructuredHeader\\0value\\";s:25:\\"Please Confirm your Email\\";}}}s:49:\\"\\0Symfony\\\\Component\\\\Mime\\\\Header\\\\Headers\\0lineLength\\";i:76;}i:1;N;}}}s:61:\\"\\0Symfony\\\\Component\\\\Mailer\\\\Messenger\\\\SendEmailMessage\\0envelope\\";N;}}', '[]', 'default', '2023-04-28 08:42:11', '2023-04-28 08:42:11', NULL),
	(2, 'O:36:\\"Symfony\\\\Component\\\\Messenger\\\\Envelope\\":2:{s:44:\\"\\0Symfony\\\\Component\\\\Messenger\\\\Envelope\\0stamps\\";a:1:{s:46:\\"Symfony\\\\Component\\\\Messenger\\\\Stamp\\\\BusNameStamp\\";a:1:{i:0;O:46:\\"Symfony\\\\Component\\\\Messenger\\\\Stamp\\\\BusNameStamp\\":1:{s:55:\\"\\0Symfony\\\\Component\\\\Messenger\\\\Stamp\\\\BusNameStamp\\0busName\\";s:21:\\"messenger.bus.default\\";}}}s:45:\\"\\0Symfony\\\\Component\\\\Messenger\\\\Envelope\\0message\\";O:51:\\"Symfony\\\\Component\\\\Mailer\\\\Messenger\\\\SendEmailMessage\\":2:{s:60:\\"\\0Symfony\\\\Component\\\\Mailer\\\\Messenger\\\\SendEmailMessage\\0message\\";O:39:\\"Symfony\\\\Bridge\\\\Twig\\\\Mime\\\\TemplatedEmail\\":4:{i:0;s:41:\\"registration/confirmation_email.html.twig\\";i:1;N;i:2;a:3:{s:9:\\"signedUrl\\";s:166:\\"https://127.0.0.1:8000/verify/email?expires=1682675256&signature=xZAOPTY69VAslRnFJ%2BNZkBrfXGozN3Ik4yZnys0o2CU%3D&token=EPl1uROy4wO8nFdCG4WusfuO1iSc1hulVTuVyw95S4w%3D\\";s:19:\\"expiresAtMessageKey\\";s:26:\\"%count% hour|%count% hours\\";s:20:\\"expiresAtMessageData\\";a:1:{s:7:\\"%count%\\";i:1;}}i:3;a:6:{i:0;N;i:1;N;i:2;N;i:3;N;i:4;a:0:{}i:5;a:2:{i:0;O:37:\\"Symfony\\\\Component\\\\Mime\\\\Header\\\\Headers\\":2:{s:46:\\"\\0Symfony\\\\Component\\\\Mime\\\\Header\\\\Headers\\0headers\\";a:3:{s:4:\\"from\\";a:1:{i:0;O:47:\\"Symfony\\\\Component\\\\Mime\\\\Header\\\\MailboxListHeader\\":5:{s:50:\\"\\0Symfony\\\\Component\\\\Mime\\\\Header\\\\AbstractHeader\\0name\\";s:4:\\"From\\";s:56:\\"\\0Symfony\\\\Component\\\\Mime\\\\Header\\\\AbstractHeader\\0lineLength\\";i:76;s:50:\\"\\0Symfony\\\\Component\\\\Mime\\\\Header\\\\AbstractHeader\\0lang\\";N;s:53:\\"\\0Symfony\\\\Component\\\\Mime\\\\Header\\\\AbstractHeader\\0charset\\";s:5:\\"utf-8\\";s:58:\\"\\0Symfony\\\\Component\\\\Mime\\\\Header\\\\MailboxListHeader\\0addresses\\";a:1:{i:0;O:30:\\"Symfony\\\\Component\\\\Mime\\\\Address\\":2:{s:39:\\"\\0Symfony\\\\Component\\\\Mime\\\\Address\\0address\\";s:21:\\"admin@worldofpets.com\\";s:36:\\"\\0Symfony\\\\Component\\\\Mime\\\\Address\\0name\\";s:10:\\"Admin Site\\";}}}}s:2:\\"to\\";a:1:{i:0;O:47:\\"Symfony\\\\Component\\\\Mime\\\\Header\\\\MailboxListHeader\\":5:{s:50:\\"\\0Symfony\\\\Component\\\\Mime\\\\Header\\\\AbstractHeader\\0name\\";s:2:\\"To\\";s:56:\\"\\0Symfony\\\\Component\\\\Mime\\\\Header\\\\AbstractHeader\\0lineLength\\";i:76;s:50:\\"\\0Symfony\\\\Component\\\\Mime\\\\Header\\\\AbstractHeader\\0lang\\";N;s:53:\\"\\0Symfony\\\\Component\\\\Mime\\\\Header\\\\AbstractHeader\\0charset\\";s:5:\\"utf-8\\";s:58:\\"\\0Symfony\\\\Component\\\\Mime\\\\Header\\\\MailboxListHeader\\0addresses\\";a:1:{i:0;O:30:\\"Symfony\\\\Component\\\\Mime\\\\Address\\":2:{s:39:\\"\\0Symfony\\\\Component\\\\Mime\\\\Address\\0address\\";s:12:\\"test@test.fr\\";s:36:\\"\\0Symfony\\\\Component\\\\Mime\\\\Address\\0name\\";s:0:\\"\\";}}}}s:7:\\"subject\\";a:1:{i:0;O:48:\\"Symfony\\\\Component\\\\Mime\\\\Header\\\\UnstructuredHeader\\":5:{s:50:\\"\\0Symfony\\\\Component\\\\Mime\\\\Header\\\\AbstractHeader\\0name\\";s:7:\\"Subject\\";s:56:\\"\\0Symfony\\\\Component\\\\Mime\\\\Header\\\\AbstractHeader\\0lineLength\\";i:76;s:50:\\"\\0Symfony\\\\Component\\\\Mime\\\\Header\\\\AbstractHeader\\0lang\\";N;s:53:\\"\\0Symfony\\\\Component\\\\Mime\\\\Header\\\\AbstractHeader\\0charset\\";s:5:\\"utf-8\\";s:55:\\"\\0Symfony\\\\Component\\\\Mime\\\\Header\\\\UnstructuredHeader\\0value\\";s:25:\\"Please Confirm your Email\\";}}}s:49:\\"\\0Symfony\\\\Component\\\\Mime\\\\Header\\\\Headers\\0lineLength\\";i:76;}i:1;N;}}}s:61:\\"\\0Symfony\\\\Component\\\\Mailer\\\\Messenger\\\\SendEmailMessage\\0envelope\\";N;}}', '[]', 'default', '2023-04-28 08:47:36', '2023-04-28 08:47:36', NULL),
	(3, 'O:36:\\"Symfony\\\\Component\\\\Messenger\\\\Envelope\\":2:{s:44:\\"\\0Symfony\\\\Component\\\\Messenger\\\\Envelope\\0stamps\\";a:1:{s:46:\\"Symfony\\\\Component\\\\Messenger\\\\Stamp\\\\BusNameStamp\\";a:1:{i:0;O:46:\\"Symfony\\\\Component\\\\Messenger\\\\Stamp\\\\BusNameStamp\\":1:{s:55:\\"\\0Symfony\\\\Component\\\\Messenger\\\\Stamp\\\\BusNameStamp\\0busName\\";s:21:\\"messenger.bus.default\\";}}}s:45:\\"\\0Symfony\\\\Component\\\\Messenger\\\\Envelope\\0message\\";O:51:\\"Symfony\\\\Component\\\\Mailer\\\\Messenger\\\\SendEmailMessage\\":2:{s:60:\\"\\0Symfony\\\\Component\\\\Mailer\\\\Messenger\\\\SendEmailMessage\\0message\\";O:39:\\"Symfony\\\\Bridge\\\\Twig\\\\Mime\\\\TemplatedEmail\\":4:{i:0;s:41:\\"registration/confirmation_email.html.twig\\";i:1;N;i:2;a:3:{s:9:\\"signedUrl\\";s:174:\\"https://127.0.0.1:8000/verify/email?expires=1682675522&signature=Zs919B4Swht%2BYPgnyS%2BMGSkgBhzBYzLdeb3xyxp5%2Bxk%3D&token=IO%2BitD90uYD7niHAhTZ4bSgE1FA6aB0Z%2BCWfAaWq6tU%3D\\";s:19:\\"expiresAtMessageKey\\";s:26:\\"%count% hour|%count% hours\\";s:20:\\"expiresAtMessageData\\";a:1:{s:7:\\"%count%\\";i:1;}}i:3;a:6:{i:0;N;i:1;N;i:2;N;i:3;N;i:4;a:0:{}i:5;a:2:{i:0;O:37:\\"Symfony\\\\Component\\\\Mime\\\\Header\\\\Headers\\":2:{s:46:\\"\\0Symfony\\\\Component\\\\Mime\\\\Header\\\\Headers\\0headers\\";a:3:{s:4:\\"from\\";a:1:{i:0;O:47:\\"Symfony\\\\Component\\\\Mime\\\\Header\\\\MailboxListHeader\\":5:{s:50:\\"\\0Symfony\\\\Component\\\\Mime\\\\Header\\\\AbstractHeader\\0name\\";s:4:\\"From\\";s:56:\\"\\0Symfony\\\\Component\\\\Mime\\\\Header\\\\AbstractHeader\\0lineLength\\";i:76;s:50:\\"\\0Symfony\\\\Component\\\\Mime\\\\Header\\\\AbstractHeader\\0lang\\";N;s:53:\\"\\0Symfony\\\\Component\\\\Mime\\\\Header\\\\AbstractHeader\\0charset\\";s:5:\\"utf-8\\";s:58:\\"\\0Symfony\\\\Component\\\\Mime\\\\Header\\\\MailboxListHeader\\0addresses\\";a:1:{i:0;O:30:\\"Symfony\\\\Component\\\\Mime\\\\Address\\":2:{s:39:\\"\\0Symfony\\\\Component\\\\Mime\\\\Address\\0address\\";s:21:\\"admin@worldofpets.com\\";s:36:\\"\\0Symfony\\\\Component\\\\Mime\\\\Address\\0name\\";s:10:\\"Admin Site\\";}}}}s:2:\\"to\\";a:1:{i:0;O:47:\\"Symfony\\\\Component\\\\Mime\\\\Header\\\\MailboxListHeader\\":5:{s:50:\\"\\0Symfony\\\\Component\\\\Mime\\\\Header\\\\AbstractHeader\\0name\\";s:2:\\"To\\";s:56:\\"\\0Symfony\\\\Component\\\\Mime\\\\Header\\\\AbstractHeader\\0lineLength\\";i:76;s:50:\\"\\0Symfony\\\\Component\\\\Mime\\\\Header\\\\AbstractHeader\\0lang\\";N;s:53:\\"\\0Symfony\\\\Component\\\\Mime\\\\Header\\\\AbstractHeader\\0charset\\";s:5:\\"utf-8\\";s:58:\\"\\0Symfony\\\\Component\\\\Mime\\\\Header\\\\MailboxListHeader\\0addresses\\";a:1:{i:0;O:30:\\"Symfony\\\\Component\\\\Mime\\\\Address\\":2:{s:39:\\"\\0Symfony\\\\Component\\\\Mime\\\\Address\\0address\\";s:7:\\"te@t.fr\\";s:36:\\"\\0Symfony\\\\Component\\\\Mime\\\\Address\\0name\\";s:0:\\"\\";}}}}s:7:\\"subject\\";a:1:{i:0;O:48:\\"Symfony\\\\Component\\\\Mime\\\\Header\\\\UnstructuredHeader\\":5:{s:50:\\"\\0Symfony\\\\Component\\\\Mime\\\\Header\\\\AbstractHeader\\0name\\";s:7:\\"Subject\\";s:56:\\"\\0Symfony\\\\Component\\\\Mime\\\\Header\\\\AbstractHeader\\0lineLength\\";i:76;s:50:\\"\\0Symfony\\\\Component\\\\Mime\\\\Header\\\\AbstractHeader\\0lang\\";N;s:53:\\"\\0Symfony\\\\Component\\\\Mime\\\\Header\\\\AbstractHeader\\0charset\\";s:5:\\"utf-8\\";s:55:\\"\\0Symfony\\\\Component\\\\Mime\\\\Header\\\\UnstructuredHeader\\0value\\";s:25:\\"Please Confirm your Email\\";}}}s:49:\\"\\0Symfony\\\\Component\\\\Mime\\\\Header\\\\Headers\\0lineLength\\";i:76;}i:1;N;}}}s:61:\\"\\0Symfony\\\\Component\\\\Mailer\\\\Messenger\\\\SendEmailMessage\\0envelope\\";N;}}', '[]', 'default', '2023-04-28 08:52:02', '2023-04-28 08:52:02', NULL),
	(4, 'O:36:\\"Symfony\\\\Component\\\\Messenger\\\\Envelope\\":2:{s:44:\\"\\0Symfony\\\\Component\\\\Messenger\\\\Envelope\\0stamps\\";a:1:{s:46:\\"Symfony\\\\Component\\\\Messenger\\\\Stamp\\\\BusNameStamp\\";a:1:{i:0;O:46:\\"Symfony\\\\Component\\\\Messenger\\\\Stamp\\\\BusNameStamp\\":1:{s:55:\\"\\0Symfony\\\\Component\\\\Messenger\\\\Stamp\\\\BusNameStamp\\0busName\\";s:21:\\"messenger.bus.default\\";}}}s:45:\\"\\0Symfony\\\\Component\\\\Messenger\\\\Envelope\\0message\\";O:51:\\"Symfony\\\\Component\\\\Mailer\\\\Messenger\\\\SendEmailMessage\\":2:{s:60:\\"\\0Symfony\\\\Component\\\\Mailer\\\\Messenger\\\\SendEmailMessage\\0message\\";O:39:\\"Symfony\\\\Bridge\\\\Twig\\\\Mime\\\\TemplatedEmail\\":4:{i:0;s:41:\\"registration/confirmation_email.html.twig\\";i:1;N;i:2;a:3:{s:9:\\"signedUrl\\";s:173:\\"http://127.0.0.1:8000/verify/email?expires=1683017218&signature=%2BmlIu1yrimlVWQCVig%2BM4tExtQWRCbwz2%2BH63rz3i1w%3D&token=EdrXcnanT71D7Y5vEh%2BLtUhKz2YSpf%2Bkju3xLFxhhgE%3D\\";s:19:\\"expiresAtMessageKey\\";s:26:\\"%count% hour|%count% hours\\";s:20:\\"expiresAtMessageData\\";a:1:{s:7:\\"%count%\\";i:1;}}i:3;a:6:{i:0;N;i:1;N;i:2;N;i:3;N;i:4;a:0:{}i:5;a:2:{i:0;O:37:\\"Symfony\\\\Component\\\\Mime\\\\Header\\\\Headers\\":2:{s:46:\\"\\0Symfony\\\\Component\\\\Mime\\\\Header\\\\Headers\\0headers\\";a:3:{s:4:\\"from\\";a:1:{i:0;O:47:\\"Symfony\\\\Component\\\\Mime\\\\Header\\\\MailboxListHeader\\":5:{s:50:\\"\\0Symfony\\\\Component\\\\Mime\\\\Header\\\\AbstractHeader\\0name\\";s:4:\\"From\\";s:56:\\"\\0Symfony\\\\Component\\\\Mime\\\\Header\\\\AbstractHeader\\0lineLength\\";i:76;s:50:\\"\\0Symfony\\\\Component\\\\Mime\\\\Header\\\\AbstractHeader\\0lang\\";N;s:53:\\"\\0Symfony\\\\Component\\\\Mime\\\\Header\\\\AbstractHeader\\0charset\\";s:5:\\"utf-8\\";s:58:\\"\\0Symfony\\\\Component\\\\Mime\\\\Header\\\\MailboxListHeader\\0addresses\\";a:1:{i:0;O:30:\\"Symfony\\\\Component\\\\Mime\\\\Address\\":2:{s:39:\\"\\0Symfony\\\\Component\\\\Mime\\\\Address\\0address\\";s:21:\\"admin@worldofpets.com\\";s:36:\\"\\0Symfony\\\\Component\\\\Mime\\\\Address\\0name\\";s:10:\\"Admin Site\\";}}}}s:2:\\"to\\";a:1:{i:0;O:47:\\"Symfony\\\\Component\\\\Mime\\\\Header\\\\MailboxListHeader\\":5:{s:50:\\"\\0Symfony\\\\Component\\\\Mime\\\\Header\\\\AbstractHeader\\0name\\";s:2:\\"To\\";s:56:\\"\\0Symfony\\\\Component\\\\Mime\\\\Header\\\\AbstractHeader\\0lineLength\\";i:76;s:50:\\"\\0Symfony\\\\Component\\\\Mime\\\\Header\\\\AbstractHeader\\0lang\\";N;s:53:\\"\\0Symfony\\\\Component\\\\Mime\\\\Header\\\\AbstractHeader\\0charset\\";s:5:\\"utf-8\\";s:58:\\"\\0Symfony\\\\Component\\\\Mime\\\\Header\\\\MailboxListHeader\\0addresses\\";a:1:{i:0;O:30:\\"Symfony\\\\Component\\\\Mime\\\\Address\\":2:{s:39:\\"\\0Symfony\\\\Component\\\\Mime\\\\Address\\0address\\";s:13:\\"test3@test.fr\\";s:36:\\"\\0Symfony\\\\Component\\\\Mime\\\\Address\\0name\\";s:0:\\"\\";}}}}s:7:\\"subject\\";a:1:{i:0;O:48:\\"Symfony\\\\Component\\\\Mime\\\\Header\\\\UnstructuredHeader\\":5:{s:50:\\"\\0Symfony\\\\Component\\\\Mime\\\\Header\\\\AbstractHeader\\0name\\";s:7:\\"Subject\\";s:56:\\"\\0Symfony\\\\Component\\\\Mime\\\\Header\\\\AbstractHeader\\0lineLength\\";i:76;s:50:\\"\\0Symfony\\\\Component\\\\Mime\\\\Header\\\\AbstractHeader\\0lang\\";N;s:53:\\"\\0Symfony\\\\Component\\\\Mime\\\\Header\\\\AbstractHeader\\0charset\\";s:5:\\"utf-8\\";s:55:\\"\\0Symfony\\\\Component\\\\Mime\\\\Header\\\\UnstructuredHeader\\0value\\";s:25:\\"Please Confirm your Email\\";}}}s:49:\\"\\0Symfony\\\\Component\\\\Mime\\\\Header\\\\Headers\\0lineLength\\";i:76;}i:1;N;}}}s:61:\\"\\0Symfony\\\\Component\\\\Mailer\\\\Messenger\\\\SendEmailMessage\\0envelope\\";N;}}', '[]', 'default', '2023-05-02 07:46:58', '2023-05-02 07:46:58', NULL),
	(5, 'O:36:\\"Symfony\\\\Component\\\\Messenger\\\\Envelope\\":2:{s:44:\\"\\0Symfony\\\\Component\\\\Messenger\\\\Envelope\\0stamps\\";a:1:{s:46:\\"Symfony\\\\Component\\\\Messenger\\\\Stamp\\\\BusNameStamp\\";a:1:{i:0;O:46:\\"Symfony\\\\Component\\\\Messenger\\\\Stamp\\\\BusNameStamp\\":1:{s:55:\\"\\0Symfony\\\\Component\\\\Messenger\\\\Stamp\\\\BusNameStamp\\0busName\\";s:21:\\"messenger.bus.default\\";}}}s:45:\\"\\0Symfony\\\\Component\\\\Messenger\\\\Envelope\\0message\\";O:51:\\"Symfony\\\\Component\\\\Mailer\\\\Messenger\\\\SendEmailMessage\\":2:{s:60:\\"\\0Symfony\\\\Component\\\\Mailer\\\\Messenger\\\\SendEmailMessage\\0message\\";O:39:\\"Symfony\\\\Bridge\\\\Twig\\\\Mime\\\\TemplatedEmail\\":4:{i:0;s:41:\\"registration/confirmation_email.html.twig\\";i:1;N;i:2;a:3:{s:9:\\"signedUrl\\";s:169:\\"http://127.0.0.1:8000/verify/email?expires=1683017262&signature=AqGhFFCSAKGcLO1NiZXFVFzCJb%2BPydOB6VPYXEt2Ync%3D&token=q1kU%2F1CDhlf0uQnT6saKKYxu5kZK4ti7VrovSP%2BDXZo%3D\\";s:19:\\"expiresAtMessageKey\\";s:26:\\"%count% hour|%count% hours\\";s:20:\\"expiresAtMessageData\\";a:1:{s:7:\\"%count%\\";i:1;}}i:3;a:6:{i:0;N;i:1;N;i:2;N;i:3;N;i:4;a:0:{}i:5;a:2:{i:0;O:37:\\"Symfony\\\\Component\\\\Mime\\\\Header\\\\Headers\\":2:{s:46:\\"\\0Symfony\\\\Component\\\\Mime\\\\Header\\\\Headers\\0headers\\";a:3:{s:4:\\"from\\";a:1:{i:0;O:47:\\"Symfony\\\\Component\\\\Mime\\\\Header\\\\MailboxListHeader\\":5:{s:50:\\"\\0Symfony\\\\Component\\\\Mime\\\\Header\\\\AbstractHeader\\0name\\";s:4:\\"From\\";s:56:\\"\\0Symfony\\\\Component\\\\Mime\\\\Header\\\\AbstractHeader\\0lineLength\\";i:76;s:50:\\"\\0Symfony\\\\Component\\\\Mime\\\\Header\\\\AbstractHeader\\0lang\\";N;s:53:\\"\\0Symfony\\\\Component\\\\Mime\\\\Header\\\\AbstractHeader\\0charset\\";s:5:\\"utf-8\\";s:58:\\"\\0Symfony\\\\Component\\\\Mime\\\\Header\\\\MailboxListHeader\\0addresses\\";a:1:{i:0;O:30:\\"Symfony\\\\Component\\\\Mime\\\\Address\\":2:{s:39:\\"\\0Symfony\\\\Component\\\\Mime\\\\Address\\0address\\";s:21:\\"admin@worldofpets.com\\";s:36:\\"\\0Symfony\\\\Component\\\\Mime\\\\Address\\0name\\";s:10:\\"Admin Site\\";}}}}s:2:\\"to\\";a:1:{i:0;O:47:\\"Symfony\\\\Component\\\\Mime\\\\Header\\\\MailboxListHeader\\":5:{s:50:\\"\\0Symfony\\\\Component\\\\Mime\\\\Header\\\\AbstractHeader\\0name\\";s:2:\\"To\\";s:56:\\"\\0Symfony\\\\Component\\\\Mime\\\\Header\\\\AbstractHeader\\0lineLength\\";i:76;s:50:\\"\\0Symfony\\\\Component\\\\Mime\\\\Header\\\\AbstractHeader\\0lang\\";N;s:53:\\"\\0Symfony\\\\Component\\\\Mime\\\\Header\\\\AbstractHeader\\0charset\\";s:5:\\"utf-8\\";s:58:\\"\\0Symfony\\\\Component\\\\Mime\\\\Header\\\\MailboxListHeader\\0addresses\\";a:1:{i:0;O:30:\\"Symfony\\\\Component\\\\Mime\\\\Address\\":2:{s:39:\\"\\0Symfony\\\\Component\\\\Mime\\\\Address\\0address\\";s:11:\\"test4@fr.fr\\";s:36:\\"\\0Symfony\\\\Component\\\\Mime\\\\Address\\0name\\";s:0:\\"\\";}}}}s:7:\\"subject\\";a:1:{i:0;O:48:\\"Symfony\\\\Component\\\\Mime\\\\Header\\\\UnstructuredHeader\\":5:{s:50:\\"\\0Symfony\\\\Component\\\\Mime\\\\Header\\\\AbstractHeader\\0name\\";s:7:\\"Subject\\";s:56:\\"\\0Symfony\\\\Component\\\\Mime\\\\Header\\\\AbstractHeader\\0lineLength\\";i:76;s:50:\\"\\0Symfony\\\\Component\\\\Mime\\\\Header\\\\AbstractHeader\\0lang\\";N;s:53:\\"\\0Symfony\\\\Component\\\\Mime\\\\Header\\\\AbstractHeader\\0charset\\";s:5:\\"utf-8\\";s:55:\\"\\0Symfony\\\\Component\\\\Mime\\\\Header\\\\UnstructuredHeader\\0value\\";s:25:\\"Please Confirm your Email\\";}}}s:49:\\"\\0Symfony\\\\Component\\\\Mime\\\\Header\\\\Headers\\0lineLength\\";i:76;}i:1;N;}}}s:61:\\"\\0Symfony\\\\Component\\\\Mailer\\\\Messenger\\\\SendEmailMessage\\0envelope\\";N;}}', '[]', 'default', '2023-05-02 07:47:42', '2023-05-02 07:47:42', NULL),
	(6, 'O:36:\\"Symfony\\\\Component\\\\Messenger\\\\Envelope\\":2:{s:44:\\"\\0Symfony\\\\Component\\\\Messenger\\\\Envelope\\0stamps\\";a:1:{s:46:\\"Symfony\\\\Component\\\\Messenger\\\\Stamp\\\\BusNameStamp\\";a:1:{i:0;O:46:\\"Symfony\\\\Component\\\\Messenger\\\\Stamp\\\\BusNameStamp\\":1:{s:55:\\"\\0Symfony\\\\Component\\\\Messenger\\\\Stamp\\\\BusNameStamp\\0busName\\";s:21:\\"messenger.bus.default\\";}}}s:45:\\"\\0Symfony\\\\Component\\\\Messenger\\\\Envelope\\0message\\";O:51:\\"Symfony\\\\Component\\\\Mailer\\\\Messenger\\\\SendEmailMessage\\":2:{s:60:\\"\\0Symfony\\\\Component\\\\Mailer\\\\Messenger\\\\SendEmailMessage\\0message\\";O:39:\\"Symfony\\\\Bridge\\\\Twig\\\\Mime\\\\TemplatedEmail\\":4:{i:0;s:41:\\"registration/confirmation_email.html.twig\\";i:1;N;i:2;a:3:{s:9:\\"signedUrl\\";s:169:\\"http://127.0.0.1:8000/verify/email?expires=1683296126&signature=Dh1k6hoxH%2B6EGgiqzbZZxiXurNi6gfUoFxLzWqJFRJk%3D&token=tG%2FdbMWtVUUxf28TpjkRTAs4AmDlQyVdN%2FnKGHX91bM%3D\\";s:19:\\"expiresAtMessageKey\\";s:26:\\"%count% hour|%count% hours\\";s:20:\\"expiresAtMessageData\\";a:1:{s:7:\\"%count%\\";i:1;}}i:3;a:6:{i:0;N;i:1;N;i:2;N;i:3;N;i:4;a:0:{}i:5;a:2:{i:0;O:37:\\"Symfony\\\\Component\\\\Mime\\\\Header\\\\Headers\\":2:{s:46:\\"\\0Symfony\\\\Component\\\\Mime\\\\Header\\\\Headers\\0headers\\";a:3:{s:4:\\"from\\";a:1:{i:0;O:47:\\"Symfony\\\\Component\\\\Mime\\\\Header\\\\MailboxListHeader\\":5:{s:50:\\"\\0Symfony\\\\Component\\\\Mime\\\\Header\\\\AbstractHeader\\0name\\";s:4:\\"From\\";s:56:\\"\\0Symfony\\\\Component\\\\Mime\\\\Header\\\\AbstractHeader\\0lineLength\\";i:76;s:50:\\"\\0Symfony\\\\Component\\\\Mime\\\\Header\\\\AbstractHeader\\0lang\\";N;s:53:\\"\\0Symfony\\\\Component\\\\Mime\\\\Header\\\\AbstractHeader\\0charset\\";s:5:\\"utf-8\\";s:58:\\"\\0Symfony\\\\Component\\\\Mime\\\\Header\\\\MailboxListHeader\\0addresses\\";a:1:{i:0;O:30:\\"Symfony\\\\Component\\\\Mime\\\\Address\\":2:{s:39:\\"\\0Symfony\\\\Component\\\\Mime\\\\Address\\0address\\";s:21:\\"admin@worldofpets.com\\";s:36:\\"\\0Symfony\\\\Component\\\\Mime\\\\Address\\0name\\";s:10:\\"Admin Site\\";}}}}s:2:\\"to\\";a:1:{i:0;O:47:\\"Symfony\\\\Component\\\\Mime\\\\Header\\\\MailboxListHeader\\":5:{s:50:\\"\\0Symfony\\\\Component\\\\Mime\\\\Header\\\\AbstractHeader\\0name\\";s:2:\\"To\\";s:56:\\"\\0Symfony\\\\Component\\\\Mime\\\\Header\\\\AbstractHeader\\0lineLength\\";i:76;s:50:\\"\\0Symfony\\\\Component\\\\Mime\\\\Header\\\\AbstractHeader\\0lang\\";N;s:53:\\"\\0Symfony\\\\Component\\\\Mime\\\\Header\\\\AbstractHeader\\0charset\\";s:5:\\"utf-8\\";s:58:\\"\\0Symfony\\\\Component\\\\Mime\\\\Header\\\\MailboxListHeader\\0addresses\\";a:1:{i:0;O:30:\\"Symfony\\\\Component\\\\Mime\\\\Address\\":2:{s:39:\\"\\0Symfony\\\\Component\\\\Mime\\\\Address\\0address\\";s:8:\\"aqw@a.fr\\";s:36:\\"\\0Symfony\\\\Component\\\\Mime\\\\Address\\0name\\";s:0:\\"\\";}}}}s:7:\\"subject\\";a:1:{i:0;O:48:\\"Symfony\\\\Component\\\\Mime\\\\Header\\\\UnstructuredHeader\\":5:{s:50:\\"\\0Symfony\\\\Component\\\\Mime\\\\Header\\\\AbstractHeader\\0name\\";s:7:\\"Subject\\";s:56:\\"\\0Symfony\\\\Component\\\\Mime\\\\Header\\\\AbstractHeader\\0lineLength\\";i:76;s:50:\\"\\0Symfony\\\\Component\\\\Mime\\\\Header\\\\AbstractHeader\\0lang\\";N;s:53:\\"\\0Symfony\\\\Component\\\\Mime\\\\Header\\\\AbstractHeader\\0charset\\";s:5:\\"utf-8\\";s:55:\\"\\0Symfony\\\\Component\\\\Mime\\\\Header\\\\UnstructuredHeader\\0value\\";s:25:\\"Please Confirm your Email\\";}}}s:49:\\"\\0Symfony\\\\Component\\\\Mime\\\\Header\\\\Headers\\0lineLength\\";i:76;}i:1;N;}}}s:61:\\"\\0Symfony\\\\Component\\\\Mailer\\\\Messenger\\\\SendEmailMessage\\0envelope\\";N;}}', '[]', 'default', '2023-05-05 13:15:26', '2023-05-05 13:15:26', NULL),
	(7, 'O:36:\\"Symfony\\\\Component\\\\Messenger\\\\Envelope\\":2:{s:44:\\"\\0Symfony\\\\Component\\\\Messenger\\\\Envelope\\0stamps\\";a:1:{s:46:\\"Symfony\\\\Component\\\\Messenger\\\\Stamp\\\\BusNameStamp\\";a:1:{i:0;O:46:\\"Symfony\\\\Component\\\\Messenger\\\\Stamp\\\\BusNameStamp\\":1:{s:55:\\"\\0Symfony\\\\Component\\\\Messenger\\\\Stamp\\\\BusNameStamp\\0busName\\";s:21:\\"messenger.bus.default\\";}}}s:45:\\"\\0Symfony\\\\Component\\\\Messenger\\\\Envelope\\0message\\";O:51:\\"Symfony\\\\Component\\\\Mailer\\\\Messenger\\\\SendEmailMessage\\":2:{s:60:\\"\\0Symfony\\\\Component\\\\Mailer\\\\Messenger\\\\SendEmailMessage\\0message\\";O:39:\\"Symfony\\\\Bridge\\\\Twig\\\\Mime\\\\TemplatedEmail\\":4:{i:0;s:41:\\"registration/confirmation_email.html.twig\\";i:1;N;i:2;a:3:{s:9:\\"signedUrl\\";s:171:\\"http://127.0.0.1:8000/verify/email?expires=1683647954&signature=XJkSu2ttmuq%2Bz2sDppNXftZ5nEHqtfhh%2FOivUDyfl5I%3D&token=C8E3BmcMAShMb6nGIv8oKgWBwVOxX3NEvctL%2FDZ7Q%2Bc%3D\\";s:19:\\"expiresAtMessageKey\\";s:26:\\"%count% hour|%count% hours\\";s:20:\\"expiresAtMessageData\\";a:1:{s:7:\\"%count%\\";i:1;}}i:3;a:6:{i:0;N;i:1;N;i:2;N;i:3;N;i:4;a:0:{}i:5;a:2:{i:0;O:37:\\"Symfony\\\\Component\\\\Mime\\\\Header\\\\Headers\\":2:{s:46:\\"\\0Symfony\\\\Component\\\\Mime\\\\Header\\\\Headers\\0headers\\";a:3:{s:4:\\"from\\";a:1:{i:0;O:47:\\"Symfony\\\\Component\\\\Mime\\\\Header\\\\MailboxListHeader\\":5:{s:50:\\"\\0Symfony\\\\Component\\\\Mime\\\\Header\\\\AbstractHeader\\0name\\";s:4:\\"From\\";s:56:\\"\\0Symfony\\\\Component\\\\Mime\\\\Header\\\\AbstractHeader\\0lineLength\\";i:76;s:50:\\"\\0Symfony\\\\Component\\\\Mime\\\\Header\\\\AbstractHeader\\0lang\\";N;s:53:\\"\\0Symfony\\\\Component\\\\Mime\\\\Header\\\\AbstractHeader\\0charset\\";s:5:\\"utf-8\\";s:58:\\"\\0Symfony\\\\Component\\\\Mime\\\\Header\\\\MailboxListHeader\\0addresses\\";a:1:{i:0;O:30:\\"Symfony\\\\Component\\\\Mime\\\\Address\\":2:{s:39:\\"\\0Symfony\\\\Component\\\\Mime\\\\Address\\0address\\";s:21:\\"admin@worldofpets.com\\";s:36:\\"\\0Symfony\\\\Component\\\\Mime\\\\Address\\0name\\";s:10:\\"Admin Site\\";}}}}s:2:\\"to\\";a:1:{i:0;O:47:\\"Symfony\\\\Component\\\\Mime\\\\Header\\\\MailboxListHeader\\":5:{s:50:\\"\\0Symfony\\\\Component\\\\Mime\\\\Header\\\\AbstractHeader\\0name\\";s:2:\\"To\\";s:56:\\"\\0Symfony\\\\Component\\\\Mime\\\\Header\\\\AbstractHeader\\0lineLength\\";i:76;s:50:\\"\\0Symfony\\\\Component\\\\Mime\\\\Header\\\\AbstractHeader\\0lang\\";N;s:53:\\"\\0Symfony\\\\Component\\\\Mime\\\\Header\\\\AbstractHeader\\0charset\\";s:5:\\"utf-8\\";s:58:\\"\\0Symfony\\\\Component\\\\Mime\\\\Header\\\\MailboxListHeader\\0addresses\\";a:1:{i:0;O:30:\\"Symfony\\\\Component\\\\Mime\\\\Address\\":2:{s:39:\\"\\0Symfony\\\\Component\\\\Mime\\\\Address\\0address\\";s:8:\\"cc@dd.fr\\";s:36:\\"\\0Symfony\\\\Component\\\\Mime\\\\Address\\0name\\";s:0:\\"\\";}}}}s:7:\\"subject\\";a:1:{i:0;O:48:\\"Symfony\\\\Component\\\\Mime\\\\Header\\\\UnstructuredHeader\\":5:{s:50:\\"\\0Symfony\\\\Component\\\\Mime\\\\Header\\\\AbstractHeader\\0name\\";s:7:\\"Subject\\";s:56:\\"\\0Symfony\\\\Component\\\\Mime\\\\Header\\\\AbstractHeader\\0lineLength\\";i:76;s:50:\\"\\0Symfony\\\\Component\\\\Mime\\\\Header\\\\AbstractHeader\\0lang\\";N;s:53:\\"\\0Symfony\\\\Component\\\\Mime\\\\Header\\\\AbstractHeader\\0charset\\";s:5:\\"utf-8\\";s:55:\\"\\0Symfony\\\\Component\\\\Mime\\\\Header\\\\UnstructuredHeader\\0value\\";s:25:\\"Please Confirm your Email\\";}}}s:49:\\"\\0Symfony\\\\Component\\\\Mime\\\\Header\\\\Headers\\0lineLength\\";i:76;}i:1;N;}}}s:61:\\"\\0Symfony\\\\Component\\\\Mailer\\\\Messenger\\\\SendEmailMessage\\0envelope\\";N;}}', '[]', 'default', '2023-05-09 14:59:14', '2023-05-09 14:59:14', NULL);

-- Listage de la structure de table worldofpets. produit
CREATE TABLE IF NOT EXISTS `produit` (
  `id` int NOT NULL AUTO_INCREMENT,
  `user_id` int NOT NULL,
  `nom_produit` varchar(50) COLLATE utf8mb3_bin NOT NULL,
  `description` longtext COLLATE utf8mb3_bin NOT NULL,
  `prix` decimal(10,2) NOT NULL,
  `disponible` int NOT NULL,
  `categorie_id` int NOT NULL,
  `date_creation_produit` datetime DEFAULT CURRENT_TIMESTAMP,
  `etat` tinyint(1) NOT NULL,
  `statut` varchar(100) COLLATE utf8mb3_bin NOT NULL,
  PRIMARY KEY (`id`),
  KEY `IDX_29A5EC27A76ED395` (`user_id`),
  KEY `IDX_29A5EC27BCF5E72D` (`categorie_id`),
  CONSTRAINT `FK_29A5EC27A76ED395` FOREIGN KEY (`user_id`) REFERENCES `user` (`id`),
  CONSTRAINT `FK_29A5EC27BCF5E72D` FOREIGN KEY (`categorie_id`) REFERENCES `categorie` (`id`)
) ENGINE=InnoDB AUTO_INCREMENT=29 DEFAULT CHARSET=utf8mb3 COLLATE=utf8mb3_bin;

-- Listage des données de la table worldofpets.produit : ~8 rows (environ)
INSERT INTO `produit` (`id`, `user_id`, `nom_produit`, `description`, `prix`, `disponible`, `categorie_id`, `date_creation_produit`, `etat`, `statut`) VALUES
	(3, 2, 'Aquarium', 'Orci varius natoque penatibus et magnis dis parturient montes, nascetur ridiculus mus. Donec non orci sit amet tortor sollicitudin porttitor vel nec enim. Aliquam et sapien eu nisl eleifend commodo at sed augue. Aenean consectetur purus nec accumsan pulvinar. Aliquam erat volutpat. Proin vulputate mollis consequat. Vestibulum ante ipsum primis in faucibus orci luctus et ultrices posuere cubilia curae; Proin volutpat ligula vitae metus iaculis, vel lobortis risus egestas. Integer ornare metus leo, in tincidunt tortor imperdiet nec. Aenean et tellus nec orci iaculis suscipit ut nec nisl. Curabitur non nulla velit.', 34.50, 1, 4, '2023-05-02 14:46:29', 0, 'neuf'),
	(17, 1, 'teste', 'sffs', 14.00, 1, 1, '2023-05-09 13:03:51', 1, 'neuf'),
	(21, 1, 'teste', 'qsqqx', 40.00, 1, 1, '2023-05-09 11:48:22', 1, 'usage'),
	(24, 1, 'Lots de poissons', 'Morbi hendrerit ut diam vel vestibulum. Nunc aliquam porttitor lorem, id commodo velit euismod et. Vivamus imperdiet elementum ex, vel bibendum nisi laoreet ut. Morbi cursus euismod rhoncus. Curabitur quis turpis eu sem imperdiet cursus at ac leo. Sed malesuada dictum nunc vel mollis. Vivamus tempor mollis sem ac pulvinar. Donec ullamcorper velit ac ex tincidunt, at interdum ipsum lobortis. Praesent dapibus ultrices nisl, at sodales justo sagittis et. Praesent euismod mauris eu cursus placerat. Donec vitae nulla ac tellus tristique dignissim at vel ligula. Curabitur vulputate mollis metus in commodo. Sed sed ex in elit porta mollis.', 39.00, 1, 4, '2023-05-05 12:37:29', 1, 'neuf'),
	(25, 2, 'Jouet pour chat', 'Phasellus auctor egestas felis, non eleifend lacus porttitor sed. Duis sodales tristique dolor, vel rhoncus risus tempus fringilla. Ut at pretium orci. Mauris bibendum, velit vitae sodales aliquet, sem nunc lobortis odio, quis vulputate diam est et odio. Praesent facilisis finibus elit ac faucibus. Donec condimentum quam a neque venenatis pharetra. Vivamus ligula tortor, tincidunt vel felis in, molestie ornare turpis. Vestibulum ante ipsum primis in faucibus orci luctus et ultrices posuere cubilia curae; Morbi nec metus at velit maximus laoreet. Pellentesque eros orci, feugiat at metus ac, fringilla posuere quam. Proin a convallis quam.', 18.00, 1, 2, '2023-05-05 12:49:51', 1, 'neuf'),
	(26, 6, 'Paquet de croquette neuf', 'Bonjour, je vend un paquet de croquette pour chat neuf.  Prix neuf 19 euros.', 14.50, 1, 2, '2023-05-05 13:18:35', 1, 'neuf'),
	(27, 1, 'Cage à oiseaux', 'Cage à oiseaux bblablabla', 28.00, 1, 5, '2023-05-09 11:51:38', 1, 'occasion'),
	(28, 1, 'Cage pour souris', 'Morbi cursus, ex sit amet molestie aliquam, orci erat consectetur tortor, semper dignissim libero enim non ligula. Curabitur vel mi id eros scelerisque tincidunt non a eros. Pellentesque sed vehicula nisl. Vivamus sit amet sapien non augue faucibus lobortis et quis orci. Mauris turpis diam, semper non ex nec, laoreet venenatis est. Nullam malesuada erat eget feugiat dignissim. Pellentesque eget tortor magna.', 39.00, 2, 3, '2023-05-09 09:08:47', 0, 'neuf');

-- Listage de la structure de table worldofpets. user
CREATE TABLE IF NOT EXISTS `user` (
  `id` int NOT NULL AUTO_INCREMENT,
  `email` varchar(180) CHARACTER SET utf8mb3 COLLATE utf8mb3_bin NOT NULL,
  `roles` json NOT NULL,
  `password` varchar(255) CHARACTER SET utf8mb3 COLLATE utf8mb3_bin NOT NULL,
  `is_verified` tinyint(1) NOT NULL,
  `pseudo` varchar(50) CHARACTER SET utf8mb3 COLLATE utf8mb3_bin NOT NULL,
  PRIMARY KEY (`id`),
  UNIQUE KEY `UNIQ_8D93D649E7927C74` (`email`)
) ENGINE=InnoDB AUTO_INCREMENT=8 DEFAULT CHARSET=utf8mb3 COLLATE=utf8mb3_bin;

-- Listage des données de la table worldofpets.user : ~3 rows (environ)
INSERT INTO `user` (`id`, `email`, `roles`, `password`, `is_verified`, `pseudo`) VALUES
	(1, 'admin@admin.fr', '["ROLE_ADMIN"]', '$2y$13$2/RFoGJG9HRO.4kYy5cs/O5wICKQcq8xDayokrQ2Qzg9nP0VR0D0i', 1, 'admin'),
	(2, 'test@test.fr', '[]', '$2y$13$RriFy1DXc.kcScm8fYJzcubjM1L0N6yGK8of6qkiFQSSbcQT/.er.', 0, 'test'),
	(6, 'aqw@a.fr', '[]', '$2y$13$YWp2soEWmZmnxHhFxIdyXuTDTB6N5A56CE9TfOpg6FodnxwK4a64i', 0, 'Biyak'),
	(7, 'cc@dd.fr', '[]', '$2y$13$1wPPfQ4O5b0yZDnQYx4Jf.Y1O5ESWziGuP0yYCBQeVfnxOkA8wtLO', 0, 'Toto');

/*!40103 SET TIME_ZONE=IFNULL(@OLD_TIME_ZONE, 'system') */;
/*!40101 SET SQL_MODE=IFNULL(@OLD_SQL_MODE, '') */;
/*!40014 SET FOREIGN_KEY_CHECKS=IFNULL(@OLD_FOREIGN_KEY_CHECKS, 1) */;
/*!40101 SET CHARACTER_SET_CLIENT=@OLD_CHARACTER_SET_CLIENT */;
/*!40111 SET SQL_NOTES=IFNULL(@OLD_SQL_NOTES, 1) */;
